TimeClass,Total_Attempts,Actual_Connected,Connect_Rate
Afternoon,14907,3479,0.23338029113839137
Noon,13936,2991,0.21462399540757748
Morning,11323,2243,0.19809237834496157
Evening,10242,1876,0.18316735012692834
