WeekName,Total_Attempts,Actual_Connected,Connect_Rate
Friday,8819,1947,0.2207733303095589
Monday,8878,1868,0.21040774949312907
Tuesday,8709,1812,0.2080606269376507
Thursday,8854,1834,0.20713801671560877
Wednesday,8995,1780,0.19788771539744301
Saturday,4791,668,0.13942809434356085
Sunday,4952,680,0.13731825525040386
