MonthName,Total_Attempts,Actual_Connected,Connect_Rate
November,4476,967,0.21604110813226093
December,4865,978,0.2010277492291881
October,4935,983,0.19918946301925025
June,4542,892,0.19638925583443417
September,4727,920,0.1946266130738312
April,4676,867,0.18541488451668092
March,4704,860,0.1828231292517007
August,4795,866,0.18060479666319082
July,4878,879,0.18019680196801968
May,4759,830,0.17440638789661694
January,4862,814,0.167420814479638
February,4381,733,0.1673133987674047
