Original Call Hour,Total_Attempts,Actual_Connected,Connect_Rate
11,5905,1512,0.25605419136325147
10,5294,1340,0.25311673592746503
16,6020,1379,0.22906976744186047
17,5283,1167,0.22089721749006247
15,5873,1159,0.19734377660480162
14,5193,941,0.1812054689004429
13,4821,742,0.15390997718315702
9,3942,603,0.15296803652968036
12,5040,737,0.14623015873015874
18,3444,485,0.14082462253193961
8,3191,300,0.0940144155437167
19,2403,224,0.09321681231793591
